sub_votproCodigoProvincia,vot_depCodigoDepartamento,vot_munCodigoMunicipio,vot_codFormula,vot_parCodigo,votVotosPartido,votPorcenVotos
"01","001","999","0131","0131",46149,3.67400017e+01
"01","001","999","0135","0135",79446,6.32599983e+01
"01","002","999","0131","0131",21998,2.04599991e+01
"01","002","999","0135","0135",85537,7.95400009e+01
"01","003","999","0131","0131",46782,3.95400009e+01
"01","003","999","0135","0135",71524,6.04599991e+01
"01","004","999","0131","0131",60715,4.48499985e+01
"01","004","999","0135","0135",74656,5.51500015e+01
"01","005","999","0131","0131",47595,3.93899994e+01
"01","005","999","0135","0135",73234,6.06100006e+01
"01","006","999","0131","0131",41730,3.33100014e+01
"01","006","999","0135","0135",83555,6.66900024e+01
"01","007","999","0131","0131",51208,3.86699982e+01
"01","007","999","0135","0135",81217,6.13300018e+01
"01","008","999","0131","0131",52247,4.89000015e+01
"01","008","999","0135","0135",54592,5.10999985e+01
"01","009","999","0131","0131",46649,4.04099998e+01
"01","009","999","0135","0135",68777,5.95900002e+01
"01","010","999","0131","0131",42908,3.68100014e+01
"01","010","999","0135","0135",73653,6.31899986e+01
"01","011","999","0131","0131",45869,3.39799995e+01
"01","011","999","0135","0135",89121,6.60199966e+01
"01","012","999","0131","0131",48664,3.29900017e+01
"01","012","999","0135","0135",98838,6.70100021e+01
"01","013","999","0131","0131",40180,2.40799999e+01
"01","013","999","0135","0135",126657,7.59199982e+01
"01","014","999","0131","0131",39912,2.52500000e+01
"01","014","999","0135","0135",118182,7.47500000e+01
"01","015","999","0131","0131",49748,3.95299988e+01
"01","015","999","0135","0135",76110,6.04700012e+01
"01","999","999","0131","0131",682354,3.52200012e+01
"01","999","999","0135","0135",1255099,6.47799988e+01
"02","001","999","0131","0131",3908,3.54000015e+01
"02","001","999","0135","0135",7132,6.45999985e+01
"02","002","999","0131","0131",3354,4.42799988e+01
"02","002","999","0135","0135",4221,5.57200012e+01
"02","003","999","0131","0131",202868,6.02799988e+01
"02","003","999","0135","0135",133647,3.97200012e+01
"02","004","999","0131","0131",114096,5.21300011e+01
"02","004","999","0135","0135",104775,4.78699989e+01
"02","005","999","0131","0131",5838,4.33199997e+01
"02","005","999","0135","0135",7639,5.66800003e+01
"02","006","999","0131","0131",18493,4.29099998e+01
"02","006","999","0135","0135",24608,5.70900002e+01
"02","007","999","0131","0131",63842,3.51699982e+01
"02","007","999","0135","0135",117692,6.48300018e+01
"02","008","999","0131","0131",10208,3.37200012e+01
"02","008","999","0135","0135",20068,6.62799988e+01
"02","009","999","0131","0131",11312,5.17799988e+01
"02","009","999","0135","0135",10535,4.82200012e+01
"02","010","999","0131","0131",8598,4.37599983e+01
"02","010","999","0135","0135",11050,5.62400017e+01
"02","011","999","0131","0131",117545,5.86899986e+01
"02","011","999","0135","0135",82728,4.13100014e+01
"02","012","999","0131","0131",29874,4.93300018e+01
"02","012","999","0135","0135",30688,5.06699982e+01
"02","013","999","0131","0131",9445,4.08400002e+01
"02","013","999","0135","0135",13684,5.91599998e+01
"02","014","999","0131","0131",12121,4.32500000e+01
"02","014","999","0135","0135",15903,5.67500000e+01
"02","015","999","0131","0131",7664,4.32400017e+01
"02","015","999","0135","0135",10062,5.67599983e+01
"02","016","999","0131","0131",27843,4.64700012e+01
"02","016","999","0135","0135",32071,5.35299988e+01
"02","017","999","0131","0131",17194,5.33100014e+01
"02","017","999","0135","0135",15058,4.66899986e+01
"02","018","999","0131","0131",3968,4.09199982e+01
"02","018","999","0135","0135",5729,5.90800018e+01
"02","019","999","0131","0131",5636,3.81300011e+01
"02","019","999","0135","0135",9145,6.18699989e+01
"02","020","999","0131","0131",3050,3.80900002e+01
"02","020","999","0135","0135",4957,6.19099998e+01
"02","021","999","0131","0131",4770,4.73199997e+01
"02","021","999","0135","0135",5311,5.26800003e+01
"02","022","999","0131","0131",9399,4.87000008e+01
"02","022","999","0135","0135",9900,5.12999992e+01
"02","023","999","0131","0131",2760,4.55800018e+01
"02","023","999","0135","0135",3295,5.44199982e+01
"02","024","999","0131","0131",8914,5.36599998e+01
"02","024","999","0135","0135",7698,4.63400002e+01
"02","025","999","0131","0131",4101,3.77299995e+01
"02","025","999","0135","0135",6767,6.22700005e+01
"02","026","999","0131","0131",6452,4.17900009e+01
"02","026","999","0135","0135",8988,5.82099991e+01
"02","027","999","0131","0131",10362,2.79899998e+01
"02","027","999","0135","0135",26658,7.20100021e+01
"02","028","999","0131","0131",10468,4.01100006e+01
"02","028","999","0135","0135",15627,5.98899994e+01
"02","029","999","0131","0131",14357,4.44700012e+01
"02","029","999","0135","0135",17931,5.55299988e+01
"02","030","999","0131","0131",8375,3.41199989e+01
"02","030","999","0135","0135",16173,6.58799973e+01
"02","031","999","0131","0131",22045,4.85499992e+01
"02","031","999","0135","0135",23359,5.14500008e+01
"02","032","999","0131","0131",5512,4.89599991e+01
"02","032","999","0135","0135",5746,5.10400009e+01
"02","033","999","0131","0131",6518,3.58600006e+01
"02","033","999","0135","0135",11659,6.41399994e+01
"02","034","999","0131","0131",22700,5.58100014e+01
"02","034","999","0135","0135",17977,4.41899986e+01
"02","035","999","0131","0131",68412,5.22900009e+01
"02","035","999","0135","0135",62421,4.77099991e+01
"02","036","999","0131","0131",98094,5.75000000e+01
"02","036","999","0135","0135",72495,4.25000000e+01
"02","037","999","0131","0131",8944,4.52799988e+01
"02","037","999","0135","0135",10809,5.47200012e+01
"02","038","999","0131","0131",159816,6.90199966e+01
"02","038","999","0135","0135",71740,3.09799995e+01
"02","039","999","0131","0131",10859,4.20299988e+01
"02","039","999","0135","0135",14976,5.79700012e+01
"02","040","999","0131","0131",2487,3.77400017e+01
"02","040","999","0135","0135",4103,6.22599983e+01
"02","041","999","0131","0131",4330,3.70900002e+01
"02","041","999","0135","0135",7344,6.29099998e+01
"02","042","999","0131","0131",4867,3.88699989e+01
"02","042","999","0135","0135",7654,6.11300011e+01
"02","043","999","0131","0131",739,3.72700005e+01
"02","043","999","0135","0135",1244,6.27299995e+01
"02","044","999","0131","0131",3030,4.09000015e+01
"02","044","999","0135","0135",4379,5.90999985e+01
"02","045","999","0131","0131",4967,4.78800011e+01
"02","045","999","0135","0135",5406,5.21199989e+01
"02","046","999","0131","0131",1059,3.63499985e+01
"02","046","999","0135","0135",1854,6.36500015e+01
"02","047","999","0131","0131",5564,4.24700012e+01
"02","047","999","0135","0135",7538,5.75299988e+01
"02","048","999","0131","0131",3679,4.62400017e+01
"02","048","999","0135","0135",4278,5.37599983e+01
"02","049","999","0131","0131",3624,4.57099991e+01
"02","049","999","0135","0135",4304,5.42900009e+01
"02","050","999","0131","0131",173170,4.33699989e+01
"02","050","999","0135","0135",226078,5.66300011e+01
"02","051","999","0131","0131",29033,5.49099998e+01
"02","051","999","0135","0135",23839,4.50900002e+01
"02","052","999","0131","0131",124868,4.95400009e+01
"02","052","999","0135","0135",127174,5.04599991e+01
"02","053","999","0131","0131",90913,5.23800011e+01
"02","053","999","0135","0135",82653,4.76199989e+01
"02","054","999","0131","0131",5274,4.31800003e+01
"02","054","999","0135","0135",6939,5.68199997e+01
"02","055","999","0131","0131",5917,3.13999996e+01
"02","055","999","0135","0135",12927,6.85999985e+01
"02","056","999","0131","0131",3980,4.90400009e+01
"02","056","999","0135","0135",4136,5.09599991e+01
"02","057","999","0131","0131",3523,4.45800018e+01
"02","057","999","0135","0135",4379,5.54199982e+01
"02","058","999","0131","0131",2781,4.61100006e+01
"02","058","999","0135","0135",3250,5.38899994e+01
"02","059","999","0131","0131",6406,4.77200012e+01
"02","059","999","0135","0135",7018,5.22799988e+01
"02","060","999","0131","0131",24657,4.13199997e+01
"02","060","999","0135","0135",35014,5.86800003e+01
"02","061","999","0131","0131",496499,6.44300003e+01
"02","061","999","0135","0135",274154,3.55699997e+01
"02","062","999","0131","0131",154863,5.16599998e+01
"02","062","999","0135","0135",144916,4.83400002e+01
"02","063","999","0131","0131",170994,4.19799995e+01
"02","063","999","0135","0135",236351,5.80200005e+01
"02","064","999","0131","0131",3729,5.06199989e+01
"02","064","999","0135","0135",3637,4.93800011e+01
"02","065","999","0131","0131",6875,4.15900002e+01
"02","065","999","0135","0135",9654,5.84099998e+01
"02","066","999","0131","0131",5484,4.65000000e+01
"02","066","999","0135","0135",6309,5.35000000e+01
"02","067","999","0131","0131",10221,3.59000015e+01
"02","067","999","0135","0135",18250,6.40999985e+01
"02","068","999","0131","0131",4230,3.75800018e+01
"02","068","999","0135","0135",7027,6.24199982e+01
"02","069","999","0131","0131",9659,4.01399994e+01
"02","069","999","0135","0135",14405,5.98600006e+01
"02","070","999","0131","0131",221906,5.83699989e+01
"02","070","999","0135","0135",158266,4.16300011e+01
"02","071","999","0131","0131",26898,4.02299995e+01
"02","071","999","0135","0135",39957,5.97700005e+01
"02","072","999","0131","0131",4097,3.62700005e+01
"02","072","999","0135","0135",7200,6.37299995e+01
"02","073","999","0131","0131",2857,3.87099991e+01
"02","073","999","0135","0135",4524,6.12900009e+01
"02","074","999","0131","0131",7270,4.30999985e+01
"02","074","999","0135","0135",9599,5.69000015e+01
"02","075","999","0131","0131",19193,5.96800003e+01
"02","075","999","0135","0135",12966,4.03199997e+01
"02","076","999","0131","0131",18199,4.27200012e+01
"02","076","999","0135","0135",24402,5.72799988e+01
"02","077","999","0131","0131",195323,6.48600006e+01
"02","077","999","0135","0135",105812,3.51399994e+01
"02","078","999","0131","0131",5378,3.81899986e+01
"02","078","999","0135","0135",8706,6.18100014e+01
"02","079","999","0131","0131",165471,6.41999969e+01
"02","079","999","0135","0135",92263,3.57999992e+01
"02","080","999","0131","0131",95934,4.52700005e+01
"02","080","999","0135","0135",115964,5.47299995e+01
"02","081","999","0131","0131",5346,4.52099991e+01
"02","081","999","0135","0135",6479,5.47900009e+01
"02","082","999","0131","0131",21058,3.42700005e+01
"02","082","999","0135","0135",40398,6.57300034e+01
"02","083","999","0131","0131",11579,3.59599991e+01
"02","083","999","0135","0135",20618,6.40400009e+01
"02","084","999","0131","0131",31850,4.43300018e+01
"02","084","999","0135","0135",39997,5.56699982e+01
"02","085","999","0131","0131",12126,4.62700005e+01
"02","085","999","0135","0135",14079,5.37299995e+01
"02","086","999","0131","0131",1237,3.07700005e+01
"02","086","999","0135","0135",2783,6.92300034e+01
"02","087","999","0131","0131",24686,3.60800018e+01
"02","087","999","0135","0135",43742,6.39199982e+01
"02","088","999","0131","0131",1123,4.45999985e+01
"02","088","999","0135","0135",1395,5.54000015e+01
"02","089","999","0131","0131",88611,5.24799995e+01
"02","089","999","0135","0135",80238,4.75200005e+01
"02","090","999","0131","0131",6484,3.79399986e+01
"02","090","999","0135","0135",10607,6.20600014e+01
"02","091","999","0131","0131",2950,2.64599991e+01
"02","091","999","0135","0135",8197,7.35400009e+01
"02","092","999","0131","0131",195085,5.50600014e+01
"02","092","999","0135","0135",159223,4.49399986e+01
"02","093","999","0131","0131",11116,4.99000015e+01
"02","093","999","0135","0135",11162,5.00999985e+01
"02","094","999","0131","0131",5019,4.58800011e+01
"02","094","999","0135","0135",5920,5.41199989e+01
"02","095","999","0131","0131",3362,3.26199989e+01
"02","095","999","0135","0135",6946,6.73799973e+01
"02","096","999","0131","0131",5680,3.57700005e+01
"02","096","999","0135","0135",10201,6.42300034e+01
"02","097","999","0131","0131",3133,3.86399994e+01
"02","097","999","0135","0135",4975,6.13600006e+01
"02","098","999","0131","0131",5028,3.69000015e+01
"02","098","999","0135","0135",8597,6.30999985e+01
"02","099","999","0131","0131",7365,3.52400017e+01
"02","099","999","0135","0135",13537,6.47600021e+01
"02","100","999","0131","0131",2259,3.92299995e+01
"02","100","999","0135","0135",3500,6.07700005e+01
"02","101","999","0131","0131",9353,4.38300018e+01
"02","101","999","0135","0135",11988,5.61699982e+01
"02","102","999","0131","0131",6200,4.24799995e+01
"02","102","999","0135","0135",8394,5.75200005e+01
"02","103","999","0131","0131",7362,4.50600014e+01
"02","103","999","0135","0135",8978,5.49399986e+01
"02","104","999","0131","0131",1874,3.34900017e+01
"02","104","999","0135","0135",3721,6.65100021e+01
"02","105","999","0131","0131",47160,4.67999992e+01
"02","105","999","0135","0135",53610,5.32000008e+01
"02","106","999","0131","0131",65874,3.10900002e+01
"02","106","999","0135","0135",145982,6.89100037e+01
"02","107","999","0131","0131",47506,4.90800018e+01
"02","107","999","0135","0135",49295,5.09199982e+01
"02","108","999","0131","0131",14584,3.89099998e+01
"02","108","999","0135","0135",22901,6.10900002e+01
"02","109","999","0131","0131",20004,5.17900009e+01
"02","109","999","0135","0135",18618,4.82099991e+01
"02","110","999","0131","0131",3282,4.40200005e+01
"02","110","999","0135","0135",4174,5.59799995e+01
"02","111","999","0131","0131",34338,4.29199982e+01
"02","111","999","0135","0135",45665,5.70800018e+01
"02","112","999","0131","0131",2904,4.39500008e+01
"02","112","999","0135","0135",3703,5.60499992e+01
"02","113","999","0131","0131",109739,4.86100006e+01
"02","113","999","0135","0135",115993,5.13899994e+01
"02","114","999","0131","0131",2922,3.42200012e+01
"02","114","999","0135","0135",5617,6.57799988e+01
"02","115","999","0131","0131",11528,4.05699997e+01
"02","115","999","0135","0135",16885,5.94300003e+01
"02","116","999","0131","0131",567,3.90800018e+01
"02","116","999","0135","0135",884,6.09199982e+01
"02","117","999","0131","0131",18395,4.72200012e+01
"02","117","999","0135","0135",20562,5.27799988e+01
"02","118","999","0131","0131",104871,4.76300011e+01
"02","118","999","0135","0135",115328,5.23699989e+01
"02","119","999","0131","0131",21087,4.37099991e+01
"02","119","999","0135","0135",27152,5.62900009e+01
"02","120","999","0131","0131",2642,4.69099998e+01
"02","120","999","0135","0135",2990,5.30900002e+01
"02","121","999","0131","0131",9825,4.06800003e+01
"02","121","999","0135","0135",14329,5.93199997e+01
"02","122","999","0131","0131",54466,3.03500004e+01
"02","122","999","0135","0135",124990,6.96500015e+01
"02","123","999","0131","0131",9479,4.74500008e+01
"02","123","999","0135","0135",10496,5.25499992e+01
"02","124","999","0131","0131",6115,3.41599998e+01
"02","124","999","0135","0135",11784,6.58399963e+01
"02","125","999","0131","0131",39539,5.40999985e+01
"02","125","999","0135","0135",33548,4.59000015e+01
"02","126","999","0131","0131",2737,5.26100006e+01
"02","126","999","0135","0135",2465,4.73899994e+01
"02","127","999","0131","0131",2615,4.13899994e+01
"02","127","999","0135","0135",3703,5.86100006e+01
"02","128","999","0131","0131",30871,6.62500000e+01
"02","128","999","0135","0135",15725,3.37500000e+01
"02","129","999","0131","0131",107560,6.64400024e+01
"02","129","999","0135","0135",54325,3.35600014e+01
"02","130","999","0131","0131",123852,6.12900009e+01
"02","130","999","0135","0135",78211,3.87099991e+01
"02","131","999","0131","0131",3307,4.56599998e+01
"02","131","999","0135","0135",3936,5.43400002e+01
"02","132","999","0131","0131",56577,5.94599991e+01
"02","132","999","0135","0135",38571,4.05400009e+01
"02","133","999","0131","0131",56381,5.02400017e+01
"02","133","999","0135","0135",55833,4.97599983e+01
"02","134","999","0131","0131",61732,5.31899986e+01
"02","134","999","0135","0135",54324,4.68100014e+01
"02","135","999","0131","0131",1672,4.25600014e+01
"02","135","999","0135","0135",2257,5.74399986e+01
"02","991","999","0131","0131",1695928,5.12299995e+01
"02","991","999","0135","0135",1614415,4.87700005e+01
"02","992","999","0131","0131",212532,4.58199997e+01
"02","992","999","0135","0135",251341,5.41800003e+01
"02","993","999","0131","0131",1962719,5.88199997e+01
"02","993","999","0135","0135",1374184,4.11800003e+01
"02","994","999","0131","0131",164061,4.14099998e+01
"02","994","999","0135","0135",232084,5.85900002e+01
"02","995","999","0131","0131",362947,4.15600014e+01
"02","995","999","0135","0135",510461,5.84399986e+01
"02","996","999","0131","0131",178997,3.82799988e+01
"02","996","999","0135","0135",288554,6.17200012e+01
"02","997","999","0131","0131",85502,4.18199997e+01
"02","997","999","0135","0135",118936,5.81800003e+01
"02","998","999","0131","0131",170994,4.19799995e+01
"02","998","999","0135","0135",236351,5.80200005e+01
"02","999","999","0131","0131",4833680,5.10999985e+01
"02","999","999","0135","0135",4626326,4.89000015e+01
"03","001","999","0131","0131",43351,4.79700012e+01
"03","001","999","0135","0135",47027,5.20299988e+01
"03","002","999","0131","0131",5602,5.90900002e+01
"03","002","999","0135","0135",3878,4.09099998e+01
"03","003","999","0131","0131",5708,5.98899994e+01
"03","003","999","0135","0135",3823,4.01100006e+01
"03","004","999","0131","0131",1196,6.09000015e+01
"03","004","999","0135","0135",768,3.90999985e+01
"03","005","999","0131","0131",1747,6.38499985e+01
"03","005","999","0135","0135",989,3.61500015e+01
"03","006","999","0131","0131",5384,6.93399963e+01
"03","006","999","0135","0135",2381,3.06599998e+01
"03","007","999","0131","0131",1446,4.92799988e+01
"03","007","999","0135","0135",1488,5.07200012e+01
"03","008","999","0131","0131",8542,5.12799988e+01
"03","008","999","0135","0135",8115,4.87200012e+01
"03","009","999","0131","0131",4431,5.63100014e+01
"03","009","999","0135","0135",3438,4.36899986e+01
"03","010","999","0131","0131",2151,5.88699989e+01
"03","010","999","0135","0135",1503,4.11300011e+01
"03","011","999","0131","0131",3970,5.97200012e+01
"03","011","999","0135","0135",2678,4.02799988e+01
"03","012","999","0131","0131",5747,5.40900002e+01
"03","012","999","0135","0135",4877,4.59099998e+01
"03","013","999","0131","0131",8528,5.37999992e+01
"03","013","999","0135","0135",7322,4.62000008e+01
"03","014","999","0131","0131",0,0.00000000e+00
"03","014","999","0135","0135",0,0.00000000e+00
"03","015","999","0131","0131",6568,5.63499985e+01
"03","015","999","0135","0135",5087,4.36500015e+01
"03","016","999","0131","0131",7997,5.54900017e+01
"03","016","999","0135","0135",6415,4.45099983e+01
"03","999","999","0131","0131",112368,5.29599991e+01
"03","999","999","0135","0135",99789,4.70400009e+01
"04","001","999","0131","0131",208261,2.51100006e+01
"04","001","999","0135","0135",621106,7.48899994e+01
"04","002","999","0131","0131",12246,3.26199989e+01
"04","002","999","0135","0135",25293,6.73799973e+01
"04","003","999","0131","0131",39092,2.43099995e+01
"04","003","999","0135","0135",121686,7.56900024e+01
"04","004","999","0131","0131",17046,5.01599998e+01
"04","004","999","0135","0135",16937,4.98400002e+01
"04","005","999","0131","0131",6865,3.23699989e+01
"04","005","999","0135","0135",14341,6.76299973e+01
"04","006","999","0131","0131",33559,3.86300011e+01
"04","006","999","0135","0135",53323,6.13699989e+01
"04","007","999","0131","0131",7841,3.84799995e+01
"04","007","999","0135","0135",12538,6.15200005e+01
"04","008","999","0131","0131",12539,3.11399994e+01
"04","008","999","0135","0135",27727,6.88600006e+01
"04","009","999","0131","0131",19900,2.90499992e+01
"04","009","999","0135","0135",48595,7.09499969e+01
"04","010","999","0131","0131",1783,5.28600006e+01
"04","010","999","0135","0135",1590,4.71399994e+01
"04","011","999","0131","0131",1407,4.69000015e+01
"04","011","999","0135","0135",1593,5.30999985e+01
"04","012","999","0131","0131",32923,2.73700008e+01
"04","012","999","0135","0135",87352,7.26299973e+01
"04","013","999","0131","0131",48336,2.98899994e+01
"04","013","999","0135","0135",113382,7.01100006e+01
"04","014","999","0131","0131",8820,2.83099995e+01
"04","014","999","0135","0135",22337,7.16900024e+01
"04","015","999","0131","0131",4035,4.39199982e+01
"04","015","999","0135","0135",5152,5.60800018e+01
"04","016","999","0131","0131",18805,2.66700001e+01
"04","016","999","0135","0135",51707,7.33300018e+01
"04","017","999","0131","0131",6591,2.85900002e+01
"04","017","999","0135","0135",16465,7.14100037e+01
"04","018","999","0131","0131",9353,3.80600014e+01
"04","018","999","0135","0135",15220,6.19399986e+01
"04","019","999","0131","0131",15341,4.32299995e+01
"04","019","999","0135","0135",20150,5.67700005e+01
"04","020","999","0131","0131",38861,2.87000008e+01
"04","020","999","0135","0135",96535,7.13000031e+01
"04","021","999","0131","0131",17518,2.59699993e+01
"04","021","999","0135","0135",49946,7.40299988e+01
"04","022","999","0131","0131",1286,4.44399986e+01
"04","022","999","0135","0135",1608,5.55600014e+01
"04","023","999","0131","0131",21357,2.80300007e+01
"04","023","999","0135","0135",54846,7.19700012e+01
"04","024","999","0131","0131",3781,2.91599998e+01
"04","024","999","0135","0135",9185,7.08399963e+01
"04","025","999","0131","0131",3750,4.30099983e+01
"04","025","999","0135","0135",4969,5.69900017e+01
"04","026","999","0131","0131",22315,3.24599991e+01
"04","026","999","0135","0135",46435,6.75400009e+01
"04","999","999","0131","0131",613611,2.84899998e+01
"04","999","999","0135","0135",1540018,7.15100021e+01
"05","001","999","0131","0131",107262,4.64399986e+01
"05","001","999","0135","0135",123698,5.35600014e+01
"05","002","999","0131","0131",37270,6.52099991e+01
"05","002","999","0135","0135",19880,3.47900009e+01
"05","003","999","0131","0131",16099,5.72999992e+01
"05","003","999","0135","0135",11997,4.27000008e+01
"05","004","999","0131","0131",15063,5.66300011e+01
"05","004","999","0135","0135",11537,4.33699989e+01
"05","005","999","0131","0131",12235,6.02000008e+01
"05","005","999","0135","0135",8089,3.97999992e+01
"05","006","999","0131","0131",13106,6.95899963e+01
"05","006","999","0135","0135",5727,3.04099998e+01
"05","007","999","0131","0131",20185,5.41699982e+01
"05","007","999","0135","0135",17075,4.58300018e+01
"05","008","999","0131","0131",18795,6.06599998e+01
"05","008","999","0135","0135",12188,3.93400002e+01
"05","009","999","0131","0131",12356,5.45699997e+01
"05","009","999","0135","0135",10288,4.54300003e+01
"05","010","999","0131","0131",8037,6.26500015e+01
"05","010","999","0135","0135",4791,3.73499985e+01
"05","011","999","0131","0131",15161,6.32200012e+01
"05","011","999","0135","0135",8821,3.67799988e+01
"05","012","999","0131","0131",5615,5.71399994e+01
"05","012","999","0135","0135",4212,4.28600006e+01
"05","013","999","0131","0131",8697,7.06299973e+01
"05","013","999","0135","0135",3617,2.93700008e+01
"05","014","999","0131","0131",6033,5.88600006e+01
"05","014","999","0135","0135",4216,4.11399994e+01
"05","015","999","0131","0131",8740,6.25400009e+01
"05","015","999","0135","0135",5235,3.74599991e+01
"05","016","999","0131","0131",4483,5.79300003e+01
"05","016","999","0135","0135",3256,4.20699997e+01
"05","017","999","0131","0131",7953,6.48600006e+01
"05","017","999","0135","0135",4308,3.51399994e+01
"05","018","999","0131","0131",4245,6.43499985e+01
"05","018","999","0135","0135",2352,3.56500015e+01
"05","019","999","0131","0131",11826,5.81599998e+01
"05","019","999","0135","0135",8507,4.18400002e+01
"05","020","999","0131","0131",3468,6.05299988e+01
"05","020","999","0135","0135",2261,3.94700012e+01
"05","021","999","0131","0131",4964,4.45600014e+01
"05","021","999","0135","0135",6176,5.54399986e+01
"05","022","999","0131","0131",3016,6.06800003e+01
"05","022","999","0135","0135",1954,3.93199997e+01
"05","023","999","0131","0131",4613,7.10100021e+01
"05","023","999","0135","0135",1883,2.89899998e+01
"05","024","999","0131","0131",3617,5.82000008e+01
"05","024","999","0135","0135",2598,4.17999992e+01
"05","025","999","0131","0131",1137,6.24000015e+01
"05","025","999","0135","0135",685,3.75999985e+01
"05","999","999","0131","0131",353976,5.53699989e+01
"05","999","999","0135","0135",285351,4.46300011e+01
"06","001","999","0131","0131",140104,5.36699982e+01
"06","001","999","0135","0135",120939,4.63300018e+01
"06","002","999","0131","0131",5057,6.06500015e+01
"06","002","999","0135","0135",3281,3.93499985e+01
"06","003","999","0131","0131",5450,6.41500015e+01
"06","003","999","0135","0135",3046,3.58499985e+01
"06","004","999","0131","0131",6062,6.43700027e+01
"06","004","999","0135","0135",3356,3.56300011e+01
"06","005","999","0131","0131",7737,6.81399994e+01
"06","005","999","0135","0135",3618,3.18600006e+01
"06","006","999","0131","0131",4526,6.34000015e+01
"06","006","999","0135","0135",2613,3.65999985e+01
"06","007","999","0131","0131",11428,6.80899963e+01
"06","007","999","0135","0135",5355,3.19099998e+01
"06","008","999","0131","0131",23543,6.40100021e+01
"06","008","999","0135","0135",13239,3.59900017e+01
"06","009","999","0131","0131",1567,6.92699966e+01
"06","009","999","0135","0135",695,3.07299995e+01
"06","010","999","0131","0131",6848,7.16900024e+01
"06","010","999","0135","0135",2704,2.83099995e+01
"06","011","999","0131","0131",21018,5.91899986e+01
"06","011","999","0135","0135",14493,4.08100014e+01
"06","012","999","0131","0131",9267,7.21299973e+01
"06","012","999","0135","0135",3580,2.78700008e+01
"06","013","999","0131","0131",30303,5.21199989e+01
"06","013","999","0135","0135",27839,4.78800011e+01
"06","014","999","0131","0131",11448,5.78499985e+01
"06","014","999","0135","0135",8341,4.21500015e+01
"06","015","999","0131","0131",11868,6.58700027e+01
"06","015","999","0135","0135",6150,3.41300011e+01
"06","016","999","0131","0131",8605,5.95099983e+01
"06","016","999","0135","0135",5854,4.04900017e+01
"06","017","999","0131","0131",9368,7.07799988e+01
"06","017","999","0135","0135",3867,2.92199993e+01
"06","018","999","0131","0131",5002,7.20100021e+01
"06","018","999","0135","0135",1944,2.79899998e+01
"06","019","999","0131","0131",10541,5.85000000e+01
"06","019","999","0135","0135",7477,4.15000000e+01
"06","020","999","0131","0131",10835,5.50600014e+01
"06","020","999","0135","0135",8845,4.49399986e+01
"06","021","999","0131","0131",8967,6.22299995e+01
"06","021","999","0135","0135",5443,3.77700005e+01
"06","022","999","0131","0131",2622,5.77700005e+01
"06","022","999","0135","0135",1917,4.22299995e+01
"06","023","999","0131","0131",4335,6.06899986e+01
"06","023","999","0135","0135",2808,3.93100014e+01
"06","024","999","0131","0131",13872,6.84300003e+01
"06","024","999","0135","0135",6400,3.15699997e+01
"06","025","999","0131","0131",30683,7.14599991e+01
"06","025","999","0135","0135",12253,2.85400009e+01
"06","999","999","0131","0131",401056,5.92299995e+01
"06","999","999","0135","0135",276057,4.07700005e+01
"07","001","999","0131","0131",46278,5.65800018e+01
"07","001","999","0135","0135",35513,4.34199982e+01
"07","002","999","0131","0131",28166,5.78899994e+01
"07","002","999","0135","0135",20486,4.21100006e+01
"07","003","999","0131","0131",615,6.81800003e+01
"07","003","999","0135","0135",287,3.18199997e+01
"07","004","999","0131","0131",509,7.65400009e+01
"07","004","999","0135","0135",156,2.34599991e+01
"07","005","999","0131","0131",11054,6.99100037e+01
"07","005","999","0135","0135",4758,3.00900002e+01
"07","006","999","0131","0131",14297,5.40400009e+01
"07","006","999","0135","0135",12158,4.59599991e+01
"07","007","999","0131","0131",1335,7.48300018e+01
"07","007","999","0135","0135",449,2.51700001e+01
"07","008","999","0131","0131",2225,6.61600037e+01
"07","008","999","0135","0135",1138,3.38400002e+01
"07","009","999","0131","0131",650,6.04099998e+01
"07","009","999","0135","0135",426,3.95900002e+01
"07","010","999","0131","0131",253,6.35699997e+01
"07","010","999","0135","0135",145,3.64300003e+01
"07","011","999","0131","0131",650,6.85699997e+01
"07","011","999","0135","0135",298,3.14300003e+01
"07","012","999","0131","0131",3776,5.38400002e+01
"07","012","999","0135","0135",3237,4.61599998e+01
"07","013","999","0131","0131",2318,6.64199982e+01
"07","013","999","0135","0135",1172,3.35800018e+01
"07","014","999","0131","0131",3984,5.82200012e+01
"07","014","999","0135","0135",2859,4.17799988e+01
"07","015","999","0131","0131",69032,5.97900009e+01
"07","015","999","0135","0135",46433,4.02099991e+01
"07","999","999","0131","0131",185142,5.88400002e+01
"07","999","999","0135","0135",129515,4.11599998e+01
"08","001","999","0131","0131",99102,4.20400009e+01
"08","001","999","0135","0135",136632,5.79599991e+01
"08","003","999","0131","0131",24761,5.59399986e+01
"08","003","999","0135","0135",19502,4.40600014e+01
"08","004","999","0131","0131",11792,3.85000000e+01
"08","004","999","0135","0135",18836,6.15000000e+01
"08","005","999","0131","0131",9743,4.07599983e+01
"08","005","999","0135","0135",14160,5.92400017e+01
"08","006","999","0131","0131",12326,4.64399986e+01
"08","006","999","0135","0135",14218,5.35600014e+01
"08","007","999","0131","0131",15093,4.30900002e+01
"08","007","999","0135","0135",19933,5.69099998e+01
"08","008","999","0131","0131",8103,4.45800018e+01
"08","008","999","0135","0135",10075,5.54199982e+01
"08","009","999","0131","0131",30733,4.55000000e+01
"08","009","999","0135","0135",36817,5.45000000e+01
"08","010","999","0131","0131",31708,4.14799995e+01
"08","010","999","0135","0135",44740,5.85200005e+01
"08","011","999","0131","0131",4702,5.41500015e+01
"08","011","999","0135","0135",3982,4.58499985e+01
"08","012","999","0131","0131",15186,4.98800011e+01
"08","012","999","0135","0135",15261,5.01199989e+01
"08","013","999","0131","0131",61977,5.55499992e+01
"08","013","999","0135","0135",49600,4.44500008e+01
"08","014","999","0131","0131",10742,5.99000015e+01
"08","014","999","0135","0135",7192,4.00999985e+01
"08","015","999","0131","0131",20238,4.67500000e+01
"08","015","999","0135","0135",23054,5.32500000e+01
"08","016","999","0131","0131",5898,5.91100006e+01
"08","016","999","0135","0135",4080,4.08899994e+01
"08","017","999","0131","0131",19390,4.25400009e+01
"08","017","999","0135","0135",26191,5.74599991e+01
"08","018","999","0131","0131",5380,4.44399986e+01
"08","018","999","0135","0135",6725,5.55600014e+01
"08","999","999","0131","0131",386874,4.61699982e+01
"08","999","999","0135","0135",450998,5.38300018e+01
"09","001","999","0131","0131",77122,5.42099991e+01
"09","001","999","0135","0135",65136,4.57900009e+01
"09","002","999","0131","0131",8676,6.87099991e+01
"09","002","999","0135","0135",3951,3.12900009e+01
"09","003","999","0131","0131",36907,7.16100006e+01
"09","003","999","0135","0135",14633,2.83899994e+01
"09","004","999","0131","0131",25993,6.72300034e+01
"09","004","999","0135","0135",12670,3.27700005e+01
"09","005","999","0131","0131",9128,7.63000031e+01
"09","005","999","0135","0135",2835,2.37000008e+01
"09","006","999","0131","0131",29539,7.13899994e+01
"09","006","999","0135","0135",11839,2.86100006e+01
"09","007","999","0131","0131",5912,7.71500015e+01
"09","007","999","0135","0135",1751,2.28500004e+01
"09","008","999","0131","0131",6776,8.26699982e+01
"09","008","999","0135","0135",1420,1.73299999e+01
"09","009","999","0131","0131",5383,7.80800018e+01
"09","009","999","0135","0135",1511,2.19200001e+01
"09","999","999","0131","0131",205436,6.39599991e+01
"09","999","999","0135","0135",115746,3.60400009e+01
"10","001","999","0131","0131",64195,4.10999985e+01
"10","001","999","0135","0135",91999,5.89000015e+01
"10","002","999","0131","0131",14221,4.27799988e+01
"10","002","999","0135","0135",19019,5.72200012e+01
"10","003","999","0131","0131",1599,5.49700012e+01
"10","003","999","0135","0135",1310,4.50299988e+01
"10","004","999","0131","0131",25093,4.58800011e+01
"10","004","999","0135","0135",29605,5.41199989e+01
"10","005","999","0131","0131",23686,5.13800011e+01
"10","005","999","0135","0135",22412,4.86199989e+01
"10","006","999","0131","0131",6431,6.00699997e+01
"10","006","999","0135","0135",4274,3.99300003e+01
"10","007","999","0131","0131",24734,5.22700005e+01
"10","007","999","0135","0135",22583,4.77299995e+01
"10","008","999","0131","0131",0,0.00000000e+00
"10","008","999","0135","0135",0,0.00000000e+00
"10","009","999","0131","0131",1948,5.74599991e+01
"10","009","999","0135","0135",1442,4.25400009e+01
"10","010","999","0131","0131",4239,5.70400009e+01
"10","010","999","0135","0135",3193,4.29599991e+01
"10","011","999","0131","0131",5910,5.65600014e+01
"10","011","999","0135","0135",4539,4.34399986e+01
"10","012","999","0131","0131",4115,5.85299988e+01
"10","012","999","0135","0135",2915,4.14700012e+01
"10","013","999","0131","0131",638,6.82399979e+01
"10","013","999","0135","0135",297,3.17600002e+01
"10","014","999","0131","0131",1261,6.76100006e+01
"10","014","999","0135","0135",604,3.23899994e+01
"10","015","999","0131","0131",6763,6.04000015e+01
"10","015","999","0135","0135",4434,3.95999985e+01
"10","016","999","0131","0131",1369,6.56600037e+01
"10","016","999","0135","0135",716,3.43400002e+01
"10","999","999","0131","0131",186202,4.70699997e+01
"10","999","999","0135","0135",209342,5.29300003e+01
"11","001","999","0131","0131",3285,4.47799988e+01
"11","001","999","0135","0135",4051,5.52200012e+01
"11","002","999","0131","0131",36270,5.22700005e+01
"11","002","999","0135","0135",33123,4.77299995e+01
"11","003","999","0131","0131",932,6.89300003e+01
"11","003","999","0135","0135",420,3.10699997e+01
"11","004","999","0131","0131",2274,4.55099983e+01
"11","004","999","0135","0135",2723,5.44900017e+01
"11","005","999","0131","0131",1223,6.61100006e+01
"11","005","999","0135","0135",627,3.38899994e+01
"11","006","999","0131","0131",3669,4.54599991e+01
"11","006","999","0135","0135",4402,5.45400009e+01
"11","007","999","0131","0131",561,6.50100021e+01
"11","007","999","0135","0135",302,3.49900017e+01
"11","008","999","0131","0131",4946,5.21199989e+01
"11","008","999","0135","0135",4543,4.78800011e+01
"11","009","999","0131","0131",376,6.40500031e+01
"11","009","999","0135","0135",211,3.59500008e+01
"11","010","999","0131","0131",2025,3.58800011e+01
"11","010","999","0135","0135",3619,6.41200027e+01
"11","011","999","0131","0131",2158,3.89199982e+01
"11","011","999","0135","0135",3387,6.10800018e+01
"11","012","999","0131","0131",3192,5.48699989e+01
"11","012","999","0135","0135",2625,4.51300011e+01
"11","013","999","0131","0131",106,6.34700012e+01
"11","013","999","0135","0135",61,3.65299988e+01
"11","014","999","0131","0131",148,4.79000015e+01
"11","014","999","0135","0135",161,5.20999985e+01
"11","015","999","0131","0131",18210,4.66699982e+01
"11","015","999","0135","0135",20805,5.33300018e+01
"11","016","999","0131","0131",2962,5.28199997e+01
"11","016","999","0135","0135",2646,4.71800003e+01
"11","017","999","0131","0131",2429,4.12700005e+01
"11","017","999","0135","0135",3456,5.87299995e+01
"11","018","999","0131","0131",3415,4.98100014e+01
"11","018","999","0135","0135",3441,5.01899986e+01
"11","019","999","0131","0131",5094,4.59199982e+01
"11","019","999","0135","0135",6000,5.40800018e+01
"11","020","999","0131","0131",4465,5.26100006e+01
"11","020","999","0135","0135",4022,4.73899994e+01
"11","021","999","0131","0131",2058,5.52299995e+01
"11","021","999","0135","0135",1668,4.47700005e+01
"11","022","999","0131","0131",4215,4.29700012e+01
"11","022","999","0135","0135",5595,5.70299988e+01
"11","999","999","0131","0131",104013,4.90900002e+01
"11","999","999","0135","0135",107888,5.09099998e+01
"12","001","999","0131","0131",41533,3.82599983e+01
"12","001","999","0135","0135",67024,6.17400017e+01
"12","002","999","0131","0131",1194,5.23499985e+01
"12","002","999","0135","0135",1087,4.76500015e+01
"12","003","999","0131","0131",1870,5.46599998e+01
"12","003","999","0135","0135",1551,4.53400002e+01
"12","004","999","0131","0131",4675,5.31899986e+01
"12","004","999","0135","0135",4114,4.68100014e+01
"12","005","999","0131","0131",1290,5.24599991e+01
"12","005","999","0135","0135",1169,4.75400009e+01
"12","006","999","0131","0131",10719,3.76100006e+01
"12","006","999","0135","0135",17779,6.23899994e+01
"12","007","999","0131","0131",1862,4.58199997e+01
"12","007","999","0135","0135",2202,5.41800003e+01
"12","008","999","0131","0131",3704,5.55699997e+01
"12","008","999","0135","0135",2962,4.44300003e+01
"12","009","999","0131","0131",784,5.88100014e+01
"12","009","999","0135","0135",549,4.11899986e+01
"12","010","999","0131","0131",1011,6.09399986e+01
"12","010","999","0135","0135",648,3.90600014e+01
"12","011","999","0131","0131",914,6.13400002e+01
"12","011","999","0135","0135",576,3.86599998e+01
"12","012","999","0131","0131",3848,4.54000015e+01
"12","012","999","0135","0135",4628,5.45999985e+01
"12","013","999","0131","0131",1125,6.21899986e+01
"12","013","999","0135","0135",684,3.78100014e+01
"12","014","999","0131","0131",1943,4.43499985e+01
"12","014","999","0135","0135",2438,5.56500015e+01
"12","015","999","0131","0131",1519,6.14700012e+01
"12","015","999","0135","0135",952,3.85299988e+01
"12","016","999","0131","0131",2869,6.64100037e+01
"12","016","999","0135","0135",1451,3.35900002e+01
"12","017","999","0131","0131",5286,6.30400009e+01
"12","017","999","0135","0135",3099,3.69599991e+01
"12","018","999","0131","0131",1647,5.82799988e+01
"12","018","999","0135","0135",1179,4.17200012e+01
"12","999","999","0131","0131",87793,4.34900017e+01
"12","999","999","0135","0135",114092,5.65099983e+01
"13","001","999","0131","0131",22635,2.99500008e+01
"13","001","999","0135","0135",52932,7.00500031e+01
"13","002","999","0131","0131",42195,3.48400002e+01
"13","002","999","0135","0135",78906,6.51600037e+01
"13","003","999","0131","0131",65738,3.81500015e+01
"13","003","999","0135","0135",106588,6.18499985e+01
"13","004","999","0131","0131",54856,4.54599991e+01
"13","004","999","0135","0135",65813,5.45400009e+01
"13","005","999","0131","0131",15066,5.97599983e+01
"13","005","999","0135","0135",10143,4.02400017e+01
"13","006","999","0131","0131",49250,4.53199997e+01
"13","006","999","0135","0135",59431,5.46800003e+01
"13","007","999","0131","0131",30301,3.86199989e+01
"13","007","999","0135","0135",48155,6.13800011e+01
"13","008","999","0131","0131",9038,4.68100014e+01
"13","008","999","0135","0135",10270,5.31899986e+01
"13","009","999","0131","0131",34809,4.70200005e+01
"13","009","999","0135","0135",39219,5.29799995e+01
"13","010","999","0131","0131",10552,3.99000015e+01
"13","010","999","0135","0135",15897,6.00999985e+01
"13","011","999","0131","0131",14935,4.24700012e+01
"13","011","999","0135","0135",20227,5.75299988e+01
"13","012","999","0131","0131",13910,4.46100006e+01
"13","012","999","0135","0135",17273,5.53899994e+01
"13","013","999","0131","0131",9027,4.35999985e+01
"13","013","999","0135","0135",11677,5.64000015e+01
"13","014","999","0131","0131",6150,5.51899986e+01
"13","014","999","0135","0135",4994,4.48100014e+01
"13","015","999","0131","0131",3416,4.77000008e+01
"13","015","999","0135","0135",3746,5.22999992e+01
"13","016","999","0131","0131",56527,4.97000008e+01
"13","016","999","0135","0135",57201,5.02999992e+01
"13","017","999","0131","0131",8732,5.21699982e+01
"13","017","999","0135","0135",8006,4.78300018e+01
"13","018","999","0131","0131",14675,5.00499992e+01
"13","018","999","0135","0135",14643,4.99500008e+01
"13","999","999","0131","0131",461812,4.24900017e+01
"13","999","999","0135","0135",625121,5.75099983e+01
"14","001","999","0131","0131",96643,4.70800018e+01
"14","001","999","0135","0135",108644,5.29199982e+01
"14","002","999","0131","0131",14424,5.63400002e+01
"14","002","999","0135","0135",11179,4.36599998e+01
"14","003","999","0131","0131",10767,6.36599998e+01
"14","003","999","0135","0135",6146,3.63400002e+01
"14","004","999","0131","0131",18388,6.00800018e+01
"14","004","999","0135","0135",12217,3.99199982e+01
"14","005","999","0131","0131",3623,6.51500015e+01
"14","005","999","0135","0135",1938,3.48499985e+01
"14","006","999","0131","0131",8094,6.58399963e+01
"14","006","999","0135","0135",4200,3.41599998e+01
"14","007","999","0131","0131",22564,6.58399963e+01
"14","007","999","0135","0135",11708,3.41599998e+01
"14","008","999","0131","0131",39215,6.05900002e+01
"14","008","999","0135","0135",25505,3.94099998e+01
"14","009","999","0131","0131",15535,5.58699989e+01
"14","009","999","0135","0135",12270,4.41300011e+01
"14","010","999","0131","0131",23388,7.16999969e+01
"14","010","999","0135","0135",9232,2.82999992e+01
"14","011","999","0131","0131",11527,7.02900009e+01
"14","011","999","0135","0135",4872,2.97099991e+01
"14","012","999","0131","0131",12123,5.73600006e+01
"14","012","999","0135","0135",9013,4.26399994e+01
"14","013","999","0131","0131",25926,6.93099976e+01
"14","013","999","0135","0135",11479,3.06900005e+01
"14","014","999","0131","0131",27382,5.84700012e+01
"14","014","999","0135","0135",19446,4.15299988e+01
"14","015","999","0131","0131",11282,7.92300034e+01
"14","015","999","0135","0135",2958,2.07700005e+01
"14","016","999","0131","0131",27323,5.65499992e+01
"14","016","999","0135","0135",20991,4.34500008e+01
"14","017","999","0131","0131",16750,7.20100021e+01
"14","017","999","0135","0135",6510,2.79899998e+01
"14","999","999","0131","0131",384954,5.80400009e+01
"14","999","999","0135","0135",278308,4.19599991e+01
"15","001","999","0131","0131",133836,5.30900002e+01
"15","001","999","0135","0135",118259,4.69099998e+01
"15","002","999","0131","0131",12679,4.99799995e+01
"15","002","999","0135","0135",12690,5.00200005e+01
"15","003","999","0131","0131",5038,6.42099991e+01
"15","003","999","0135","0135",2808,3.57900009e+01
"15","004","999","0131","0131",7065,4.75900002e+01
"15","004","999","0135","0135",7781,5.24099998e+01
"15","005","999","0131","0131",5677,5.95299988e+01
"15","005","999","0135","0135",3859,4.04700012e+01
"15","006","999","0131","0131",3360,6.57099991e+01
"15","006","999","0135","0135",1753,3.42900009e+01
"15","007","999","0131","0131",2231,6.59100037e+01
"15","007","999","0135","0135",1154,3.40900002e+01
"15","008","999","0131","0131",2517,5.74500008e+01
"15","008","999","0135","0135",1864,4.25499992e+01
"15","009","999","0131","0131",2231,5.13800011e+01
"15","009","999","0135","0135",2111,4.86199989e+01
"15","010","999","0131","0131",2893,5.76500015e+01
"15","010","999","0135","0135",2125,4.23499985e+01
"15","011","999","0131","0131",945,7.86800003e+01
"15","011","999","0135","0135",256,2.13199997e+01
"15","012","999","0131","0131",2050,6.44499969e+01
"15","012","999","0135","0135",1131,3.55499992e+01
"15","013","999","0131","0131",1939,6.32799988e+01
"15","013","999","0135","0135",1125,3.67200012e+01
"15","014","999","0131","0131",5215,5.17599983e+01
"15","014","999","0135","0135",4861,4.82400017e+01
"15","015","999","0131","0131",8123,4.17700005e+01
"15","015","999","0135","0135",11326,5.82299995e+01
"15","016","999","0131","0131",3074,4.19900017e+01
"15","016","999","0135","0135",4247,5.80099983e+01
"15","999","999","0131","0131",198873,5.28600006e+01
"15","999","999","0135","0135",177350,4.71399994e+01
"16","001","999","0131","0131",24042,6.03100014e+01
"16","001","999","0135","0135",15822,3.96899986e+01
"16","002","999","0131","0131",2645,6.38600006e+01
"16","002","999","0135","0135",1497,3.61399994e+01
"16","003","999","0131","0131",12936,6.70500031e+01
"16","003","999","0135","0135",6356,3.29500008e+01
"16","004","999","0131","0131",1994,6.94499969e+01
"16","004","999","0135","0135",877,3.05499992e+01
"16","005","999","0131","0131",1700,7.96600037e+01
"16","005","999","0135","0135",434,2.03400002e+01
"16","006","999","0131","0131",6683,7.73499985e+01
"16","006","999","0135","0135",1957,2.26499996e+01
"16","007","999","0131","0131",721,8.50199966e+01
"16","007","999","0135","0135",127,1.49799995e+01
"16","008","999","0131","0131",3242,6.41299973e+01
"16","008","999","0135","0135",1813,3.58699989e+01
"16","009","999","0131","0131",49880,6.14000015e+01
"16","009","999","0135","0135",31362,3.85999985e+01
"16","010","999","0131","0131",5815,6.26500015e+01
"16","010","999","0135","0135",3466,3.73499985e+01
"16","011","999","0131","0131",13783,6.38800011e+01
"16","011","999","0135","0135",7795,3.61199989e+01
"16","012","999","0131","0131",124988,6.22400017e+01
"16","012","999","0135","0135",75843,3.77599983e+01
"16","013","999","0131","0131",1714,7.64800034e+01
"16","013","999","0135","0135",527,2.35200005e+01
"16","999","999","0131","0131",250143,6.28499985e+01
"16","999","999","0135","0135",147876,3.71500015e+01
"17","001","999","0131","0131",145286,4.57299995e+01
"17","001","999","0135","0135",172449,5.42700005e+01
"17","002","999","0131","0131",3619,4.61399994e+01
"17","002","999","0135","0135",4225,5.38600006e+01
"17","003","999","0131","0131",17364,6.16800003e+01
"17","003","999","0135","0135",10789,3.83199997e+01
"17","004","999","0131","0131",12767,5.27599983e+01
"17","004","999","0135","0135",11432,4.72400017e+01
"17","005","999","0131","0131",22278,6.63700027e+01
"17","005","999","0135","0135",11290,3.36300011e+01
"17","006","999","0131","0131",0,0.00000000e+00
"17","006","999","0135","0135",0,0.00000000e+00
"17","007","999","0131","0131",43691,5.88100014e+01
"17","007","999","0135","0135",30606,4.11899986e+01
"17","008","999","0131","0131",62105,7.25299988e+01
"17","008","999","0135","0135",23518,2.74699993e+01
"17","009","999","0131","0131",827,7.51100006e+01
"17","009","999","0135","0135",274,2.48899994e+01
"17","010","999","0131","0131",0,0.00000000e+00
"17","010","999","0135","0135",0,0.00000000e+00
"17","011","999","0131","0131",12398,5.22799988e+01
"17","011","999","0135","0135",11315,4.77200012e+01
"17","012","999","0131","0131",7127,5.40099983e+01
"17","012","999","0135","0135",6069,4.59900017e+01
"17","013","999","0131","0131",2839,5.54199982e+01
"17","013","999","0135","0135",2284,4.45800018e+01
"17","014","999","0131","0131",979,5.10699997e+01
"17","014","999","0135","0135",938,4.89300003e+01
"17","015","999","0131","0131",11072,6.07099991e+01
"17","015","999","0135","0135",7166,3.92900009e+01
"17","016","999","0131","0131",2551,6.16500015e+01
"17","016","999","0135","0135",1587,3.83499985e+01
"17","017","999","0131","0131",6079,6.64800034e+01
"17","017","999","0135","0135",3065,3.35200005e+01
"17","018","999","0131","0131",2538,6.95500031e+01
"17","018","999","0135","0135",1111,3.04500008e+01
"17","019","999","0131","0131",2089,6.52600021e+01
"17","019","999","0135","0135",1112,3.47400017e+01
"17","020","999","0131","0131",2633,5.61899986e+01
"17","020","999","0135","0135",2053,4.38100014e+01
"17","021","999","0131","0131",12557,5.13300018e+01
"17","021","999","0135","0135",11906,4.86699982e+01
"17","022","999","0131","0131",608,6.13499985e+01
"17","022","999","0135","0135",383,3.86500015e+01
"17","023","999","0131","0131",2393,6.35600014e+01
"17","023","999","0135","0135",1372,3.64399986e+01
"17","999","999","0131","0131",373800,5.42700005e+01
"17","999","999","0135","0135",314944,4.57299995e+01
"18","001","999","0131","0131",31355,4.23199997e+01
"18","001","999","0135","0135",42731,5.76800003e+01
"18","002","999","0131","0131",17958,5.53699989e+01
"18","002","999","0135","0135",14477,4.46300011e+01
"18","003","999","0131","0131",33914,6.89199982e+01
"18","003","999","0135","0135",15291,3.10799999e+01
"18","004","999","0131","0131",29092,5.32099991e+01
"18","004","999","0135","0135",25581,4.67900009e+01
"18","005","999","0131","0131",2418,7.37600021e+01
"18","005","999","0135","0135",860,2.62399998e+01
"18","006","999","0131","0131",45255,6.23800011e+01
"18","006","999","0135","0135",27297,3.76199989e+01
"18","007","999","0131","0131",4549,6.65500031e+01
"18","007","999","0135","0135",2286,3.34500008e+01
"18","008","999","0131","0131",4742,6.81699982e+01
"18","008","999","0135","0135",2214,3.18299999e+01
"18","009","999","0131","0131",3588,6.36500015e+01
"18","009","999","0135","0135",2049,3.63499985e+01
"18","010","999","0131","0131",10852,6.74000015e+01
"18","010","999","0135","0135",5248,3.25999985e+01
"18","011","999","0131","0131",2718,8.07200012e+01
"18","011","999","0135","0135",649,1.92800007e+01
"18","012","999","0131","0131",20993,7.06100006e+01
"18","012","999","0135","0135",8738,2.93899994e+01
"18","013","999","0131","0131",9052,6.74000015e+01
"18","013","999","0135","0135",4379,3.25999985e+01
"18","014","999","0131","0131",6675,6.96699982e+01
"18","014","999","0135","0135",2906,3.03299999e+01
"18","015","999","0131","0131",13814,6.26800003e+01
"18","015","999","0135","0135",8225,3.73199997e+01
"18","016","999","0131","0131",3053,6.60000000e+01
"18","016","999","0135","0135",1573,3.40000000e+01
"18","017","999","0131","0131",9943,6.82600021e+01
"18","017","999","0135","0135",4624,3.17399998e+01
"18","018","999","0131","0131",3075,6.05699997e+01
"18","018","999","0135","0135",2002,3.94300003e+01
"18","019","999","0131","0131",3829,6.78099976e+01
"18","019","999","0135","0135",1818,3.21899986e+01
"18","999","999","0131","0131",256875,5.97599983e+01
"18","999","999","0135","0135",172948,4.02400017e+01
"19","001","999","0131","0131",49465,3.83100014e+01
"19","001","999","0135","0135",79646,6.16899986e+01
"19","002","999","0131","0131",3282,3.60099983e+01
"19","002","999","0135","0135",5831,6.39900017e+01
"19","003","999","0131","0131",19713,2.49400005e+01
"19","003","999","0135","0135",59342,7.50599976e+01
"19","004","999","0131","0131",6165,4.29900017e+01
"19","004","999","0135","0135",8176,5.70099983e+01
"19","005","999","0131","0131",1607,4.90699997e+01
"19","005","999","0135","0135",1668,5.09300003e+01
"19","006","999","0131","0131",8114,4.13800011e+01
"19","006","999","0135","0135",11493,5.86199989e+01
"19","007","999","0131","0131",6518,5.37500000e+01
"19","007","999","0135","0135",5609,4.62500000e+01
"19","008","999","0131","0131",1261,5.27599983e+01
"19","008","999","0135","0135",1129,4.72400017e+01
"19","009","999","0131","0131",2854,3.99599991e+01
"19","009","999","0135","0135",4289,6.00400009e+01
"19","999","999","0131","0131",98979,3.58400002e+01
"19","999","999","0135","0135",177183,6.41600037e+01
"20","001","999","0131","0131",39854,6.09399986e+01
"20","001","999","0135","0135",25548,3.90600014e+01
"20","002","999","0131","0131",3849,6.67399979e+01
"20","002","999","0135","0135",1918,3.32599983e+01
"20","003","999","0131","0131",3437,5.70200005e+01
"20","003","999","0135","0135",2591,4.29799995e+01
"20","004","999","0131","0131",1962,6.96999969e+01
"20","004","999","0135","0135",853,3.02999992e+01
"20","005","999","0131","0131",4820,6.33499985e+01
"20","005","999","0135","0135",2789,3.66500015e+01
"20","006","999","0131","0131",8159,6.84499969e+01
"20","006","999","0135","0135",3761,3.15499992e+01
"20","007","999","0131","0131",39189,5.29799995e+01
"20","007","999","0135","0135",34779,4.70200005e+01
"20","999","999","0131","0131",101270,5.83699989e+01
"20","999","999","0135","0135",72239,4.16300011e+01
"21","001","999","0131","0131",9963,3.35699997e+01
"21","001","999","0135","0135",19711,6.64300003e+01
"21","002","999","0131","0131",18171,3.27599983e+01
"21","002","999","0135","0135",37297,6.72399979e+01
"21","003","999","0131","0131",37065,3.31399994e+01
"21","003","999","0135","0135",74784,6.68600006e+01
"21","004","999","0131","0131",27714,4.74799995e+01
"21","004","999","0135","0135",30653,5.25200005e+01
"21","005","999","0131","0131",6801,5.19000015e+01
"21","005","999","0135","0135",6303,4.80999985e+01
"21","006","999","0131","0131",47355,3.77900009e+01
"21","006","999","0135","0135",77965,6.22099991e+01
"21","007","999","0131","0131",52212,4.74000015e+01
"21","007","999","0135","0135",57929,5.25999985e+01
"21","008","999","0131","0131",18652,4.23899994e+01
"21","008","999","0135","0135",25352,5.76100006e+01
"21","009","999","0131","0131",145369,4.61699982e+01
"21","009","999","0135","0135",169489,5.38300018e+01
"21","011","999","0131","0131",20099,2.99400005e+01
"21","011","999","0135","0135",47037,7.00599976e+01
"21","012","999","0131","0131",7979,4.44300003e+01
"21","012","999","0135","0135",9979,5.55699997e+01
"21","013","999","0131","0131",371311,4.81500015e+01
"21","013","999","0135","0135",399874,5.18499985e+01
"21","016","999","0131","0131",17744,4.17999992e+01
"21","016","999","0135","0135",24701,5.82000008e+01
"21","017","999","0131","0131",9426,4.93199997e+01
"21","017","999","0135","0135",9687,5.06800003e+01
"21","018","999","0131","0131",22871,4.44700012e+01
"21","018","999","0135","0135",28563,5.55299988e+01
"21","019","999","0131","0131",10187,3.82000008e+01
"21","019","999","0135","0135",16484,6.17999992e+01
"21","020","999","0131","0131",50738,4.66300011e+01
"21","020","999","0135","0135",58070,5.33699989e+01
"21","021","999","0131","0131",13751,3.37799988e+01
"21","021","999","0135","0135",26960,6.62200012e+01
"21","022","999","0131","0131",15502,4.97799988e+01
"21","022","999","0135","0135",15640,5.02200012e+01
"21","999","999","0131","0131",902910,4.42700005e+01
"21","999","999","0135","0135",1136478,5.57299995e+01
"22","001","999","0131","0131",114803,6.33499985e+01
"22","001","999","0135","0135",66424,3.66500015e+01
"22","002","999","0131","0131",10851,8.24700012e+01
"22","002","999","0135","0135",2306,1.75300007e+01
"22","003","999","0131","0131",2920,5.48600006e+01
"22","003","999","0135","0135",2403,4.51399994e+01
"22","004","999","0131","0131",7921,8.41900024e+01
"22","004","999","0135","0135",1487,1.58100004e+01
"22","005","999","0131","0131",6399,8.74700012e+01
"22","005","999","0135","0135",917,1.25299997e+01
"22","006","999","0131","0131",63524,6.99700012e+01
"22","006","999","0135","0135",27267,3.00300007e+01
"22","007","999","0131","0131",3116,5.13499985e+01
"22","007","999","0135","0135",2952,4.86500015e+01
"22","008","999","0131","0131",12816,8.28899994e+01
"22","008","999","0135","0135",2646,1.71100006e+01
"22","009","999","0131","0131",16956,7.43000031e+01
"22","009","999","0135","0135",5865,2.57000008e+01
"22","010","999","0131","0131",8677,9.02699966e+01
"22","010","999","0135","0135",935,9.72999954e+00
"22","011","999","0131","0131",4464,8.56999969e+01
"22","011","999","0135","0135",745,1.43000002e+01
"22","012","999","0131","0131",7412,8.67399979e+01
"22","012","999","0135","0135",1133,1.32600002e+01
"22","013","999","0131","0131",9405,7.42399979e+01
"22","013","999","0135","0135",3263,2.57600002e+01
"22","014","999","0131","0131",7713,8.13199997e+01
"22","014","999","0135","0135",1772,1.86800003e+01
"22","015","999","0131","0131",520,6.22000008e+01
"22","015","999","0135","0135",316,3.77999992e+01
"22","016","999","0131","0131",14895,7.70199966e+01
"22","016","999","0135","0135",4445,2.29799995e+01
"22","017","999","0131","0131",7221,7.40800018e+01
"22","017","999","0135","0135",2527,2.59200001e+01
"22","018","999","0131","0131",10442,8.34899979e+01
"22","018","999","0135","0135",2065,1.65100002e+01
"22","019","999","0131","0131",4157,7.05400009e+01
"22","019","999","0135","0135",1736,2.94599991e+01
"22","020","999","0131","0131",1547,4.80299988e+01
"22","020","999","0135","0135",1674,5.19700012e+01
"22","021","999","0131","0131",20784,7.58499985e+01
"22","021","999","0135","0135",6617,2.41499996e+01
"22","022","999","0131","0131",27523,8.10599976e+01
"22","022","999","0135","0135",6429,1.89400005e+01
"22","023","999","0131","0131",4496,8.65299988e+01
"22","023","999","0135","0135",700,1.34700003e+01
"22","024","999","0131","0131",4660,8.72200012e+01
"22","024","999","0135","0135",683,1.27799997e+01
"22","025","999","0131","0131",5119,8.50199966e+01
"22","025","999","0135","0135",902,1.49799995e+01
"22","026","999","0131","0131",1960,8.41900024e+01
"22","026","999","0135","0135",368,1.58100004e+01
"22","027","999","0131","0131",18888,7.53899994e+01
"22","027","999","0135","0135",6165,2.46100006e+01
"22","999","999","0131","0131",399189,7.20599976e+01
"22","999","999","0135","0135",154742,2.79400005e+01
"23","001","999","0131","0131",167721,4.77500000e+01
"23","001","999","0135","0135",183504,5.22500000e+01
"23","002","999","0131","0131",24324,5.96699982e+01
"23","002","999","0135","0135",16441,4.03300018e+01
"23","003","999","0131","0131",14853,6.73099976e+01
"23","003","999","0135","0135",7215,3.26899986e+01
"23","004","999","0131","0131",31005,7.20400009e+01
"23","004","999","0135","0135",12035,2.79599991e+01
"23","005","999","0131","0131",33488,6.39599991e+01
"23","005","999","0135","0135",18869,3.60400009e+01
"23","006","999","0131","0131",27461,7.08899994e+01
"23","006","999","0135","0135",11277,2.91100006e+01
"23","007","999","0131","0131",12592,6.43499985e+01
"23","007","999","0135","0135",6977,3.56500015e+01
"23","008","999","0131","0131",8843,6.92900009e+01
"23","008","999","0135","0135",3919,3.07099991e+01
"23","009","999","0131","0131",7114,7.88300018e+01
"23","009","999","0135","0135",1911,2.11700001e+01
"23","010","999","0131","0131",16474,7.44899979e+01
"23","010","999","0135","0135",5643,2.55100002e+01
"23","011","999","0131","0131",27659,7.32799988e+01
"23","011","999","0135","0135",10083,2.67199993e+01
"23","012","999","0131","0131",83022,6.78399963e+01
"23","012","999","0135","0135",39351,3.21599998e+01
"23","013","999","0131","0131",20059,7.60400009e+01
"23","013","999","0135","0135",6321,2.39599991e+01
"23","014","999","0131","0131",7176,6.44199982e+01
"23","014","999","0135","0135",3964,3.55800018e+01
"23","015","999","0131","0131",25207,4.45699997e+01
"23","015","999","0135","0135",31349,5.54300003e+01
"23","016","999","0131","0131",48051,5.72400017e+01
"23","016","999","0135","0135",35897,4.27599983e+01
"23","017","999","0131","0131",7553,7.29300003e+01
"23","017","999","0135","0135",2803,2.70699997e+01
"23","999","999","0131","0131",562602,5.85900002e+01
"23","999","999","0135","0135",397559,4.14099998e+01
"24","001","999","0131","0131",20855,5.29199982e+01
"24","001","999","0135","0135",18556,4.70800018e+01
"24","002","999","0131","0131",33638,6.31899986e+01
"24","002","999","0135","0135",19593,3.68100014e+01
"24","003","999","0131","0131",36,1.64400005e+01
"24","003","999","0135","0135",183,8.35599976e+01
"24","999","999","0131","0131",54529,5.87200012e+01
"24","999","999","0135","0135",38332,4.12799988e+01
"88","003","999","0131","0131",202868,6.02799988e+01
"88","003","999","0135","0135",133647,3.97200012e+01
"88","004","999","0131","0131",114096,5.21300011e+01
"88","004","999","0135","0135",104775,4.78699989e+01
"88","011","999","0131","0131",117545,5.86899986e+01
"88","011","999","0135","0135",82728,4.13100014e+01
"88","036","999","0131","0131",98094,5.75000000e+01
"88","036","999","0135","0135",72495,4.25000000e+01
"88","038","999","0131","0131",159816,6.90199966e+01
"88","038","999","0135","0135",71740,3.09799995e+01
"88","052","999","0131","0131",124868,4.95400009e+01
"88","052","999","0135","0135",127174,5.04599991e+01
"88","053","999","0131","0131",90913,5.23800011e+01
"88","053","999","0135","0135",82653,4.76199989e+01
"88","061","999","0131","0131",496499,6.44300003e+01
"88","061","999","0135","0135",274154,3.55699997e+01
"88","062","999","0131","0131",154863,5.16599998e+01
"88","062","999","0135","0135",144916,4.83400002e+01
"88","070","999","0131","0131",221906,5.83699989e+01
"88","070","999","0135","0135",158266,4.16300011e+01
"88","077","999","0131","0131",195323,6.48600006e+01
"88","077","999","0135","0135",105812,3.51399994e+01
"88","079","999","0131","0131",165471,6.41999969e+01
"88","079","999","0135","0135",92263,3.57999992e+01
"88","080","999","0131","0131",95934,4.52700005e+01
"88","080","999","0135","0135",115964,5.47299995e+01
"88","092","999","0131","0131",195085,5.50600014e+01
"88","092","999","0135","0135",159223,4.49399986e+01
"88","105","999","0131","0131",47160,4.67999992e+01
"88","105","999","0135","0135",53610,5.32000008e+01
"88","106","999","0131","0131",65874,3.10900002e+01
"88","106","999","0135","0135",145982,6.89100037e+01
"88","113","999","0131","0131",109739,4.86100006e+01
"88","113","999","0135","0135",115993,5.13899994e+01
"88","118","999","0131","0131",104871,4.76300011e+01
"88","118","999","0135","0135",115328,5.23699989e+01
"88","122","999","0131","0131",54466,3.03500004e+01
"88","122","999","0135","0135",124990,6.96500015e+01
"88","129","999","0131","0131",107560,6.64400024e+01
"88","129","999","0135","0135",54325,3.35600014e+01
"88","130","999","0131","0131",123852,6.12900009e+01
"88","130","999","0135","0135",78211,3.87099991e+01
"88","132","999","0131","0131",56577,5.94599991e+01
"88","132","999","0135","0135",38571,4.05400009e+01
"88","133","999","0131","0131",56381,5.02400017e+01
"88","133","999","0135","0135",55833,4.97599983e+01
"88","134","999","0131","0131",61732,5.31899986e+01
"88","134","999","0135","0135",54324,4.68100014e+01
"88","999","999","0131","0131",3221493,5.56899986e+01
"88","999","999","0135","0135",2562977,4.43100014e+01
"99","999","999","0131","0131",12198441,4.85999985e+01
"99","999","999","0135","0135",12903301,5.14000015e+01
